{
  "qr_size_cm": 2.5,
  "valid_id_digits": 5,
  "qr_dict": {
  "content": "0001",
  "corners": [
    [
      272.6241149902344,
      78.57917022705078
    ],
    [
      441.63690185546875,
      28.931659698486328
    ],
    [
      481.7994384765625,
      204.4568634033203
    ],
    [
      310.0,
      242.0
    ]
  ],
  "center_px": [
    376.5151062011719,
    138.49192810058594
  ],
  "pixel_size": 176.15390014648438,
  "timestamp": 1767493128.8030105
}
}
